セクション1-3:代名詞 (Pronouns),学習事項の基礎的な説明,"Q: 代名詞とは何ですか？","A: 代名詞は、名詞の代わりに使われる単語です。具体的な名詞を繰り返さずに句や文章をスムーズにつなげる働きがあります。主要な代名詞には、主格代名詞（I, you, he, she, it, we, they）、目的格代名詞（me, you, him, her, it, us, them）、所有代名詞（my, your, his, her, its, our, their）があります。","pronouns"
セクション1-3:代名詞 (Pronouns),例文,"Q: ""He gave her the book."" この文の代名詞をすべて挙げてください。","A: 代名詞: He, her.","book gift"
セクション1-3:代名詞 (Pronouns),練習問題,"Q: 次の文で、代名詞を3つ挙げてください。""She told them about her trip to Italy.""","A: 代名詞: She, them, her.","Italy trip"
セクション1-3:代名詞 (Pronouns),同じカテゴリ内の拡張,"Q: 相互代名詞とは何ですか？例を挙げてください。","A: 相互代名詞は、モノや人が相互に行動を及ぼすことを表す代名詞です。その例には、each other（２人の場合）や one another（３人以上の場合）があります。例文:""They gave each other gifts.""。","exchange gift"
セクション1-3:代名詞 (Pronouns),異なるカテゴリとの関連性,"Q: 代名詞と動詞の関連性は何ですか？","A: 代名詞は主語として動詞と一緒に使われます。例えば、""She runs fast."" では ""She"" が代名詞で、その代名詞が ""runs"" という動作を行っています。","running fast"
セクション1-3:代名詞 (Pronouns),文化的・社会的文脈,"Q: 代名詞が表現する丁寧さやフォーマリティは文化によって異なりますか？","A: はい、文化や言語によっては、異なる種類の代名詞が特定のレベルの丁寧さやフォーマリティを示すことがあります。たとえば、フランス語やスペイン語では、二人称代名詞（you）にフォーマルな形とインフォーマルな形が存在します。しかし、これは英語には適用されません。","culture"
セクション1-3:代名詞 (Pronouns),実用的な派生,"Q: 「It」の基本的な意味以外に、どのように使われるかを示すフレーズを挙げてください。","A: 「It」は通常、ある物事を指すために使われますが、天候や時間を示すなどの文脈で使われることもあります。例えば、「It's raining.」や「It's 5 o'clock.」などです。","clock"
セクション1-4:動詞 (verbs),学習事項の基礎的な説明,"Q: 動詞とは何ですか？","A: 動詞とは、活動、事態、状態を表す単語です。英語の文では主語と共にほとんど常に必要とされ、事象や行動を明示的に描写します。動詞には、行動動詞（run）、リンク動詞（am, is〜）、助動詞（can、will〜）などがあります。","verbs"
セクション1-4:動詞 (verbs),例文,"Q: ""They play soccer every weekend."" この文の動詞を挙げてください。","A: 動詞: play.","soccer"
セクション1-4:動詞 (verbs),練習問題,"Q: 次の文で使用されている動詞を全て挙げてください。""She writes a book and publishes it on her website.""","A: 動詞: writes, publishes.","writing"
セクション1-4:動詞 (verbs),同じカテゴリ内の拡張,"Q: 助動詞とは何ですか？例を挙げてください。","A: 助動詞は、他の動詞と組み合わせて使われ、動作の可能性、必要性、確信度などを表現します。典型的な助動詞には can, could, may, might, will, would, shall, should, must などがあります。例: ""She can play the piano."""，"piano"
セクション1-4:動詞 (verbs),異なるカテゴリとの関連性,"Q: 動詞と主語の関連性は何ですか？","A: 動詞は、文で何が起きるか、または主語が何をするかを説明します。主語と動詞は常に一致する必要があります。つまり、単数の主語には単数形の動詞が、複数の主語には複数形の動詞が必要です。例: ""She runs fast.""","running"
セクション1-4:動詞 (verbs),文化的・社会的文脈,"Q: 特定の動詞の使用が特定の文化や社会に特有であることはありますか？","A: はい、一部の動詞やフレーズは特定の文化や地域固有のものであり、それらがその地域の日常生活や習慣を反映している場合があります。例えば、アメリカ英語では「take a rain check」は「今は受け入れないが、後でそのオファーを受け入れる可能性がある」という意味の独特なフレーズです。","culture"
セクション1-4:動詞 (verbs),実用的な派生,"Q: 「take」の基本的な意味以外に、どのように使われるかを示すフレーズを挙げてください。","A: 「take」は「手に持つ」の基本的な意味の他にも、数多くのフレーズやイディオムで使われます。例えば、「take a break」（休憩する）、「take a look」（見てみる）、「take a shower」（シャワーを浴びる）などです。","shower"
セクション1-5:形容詞 (adjectives),学習事項の基礎的な説明,"Q: 形容詞とは何ですか？","A: 形容詞は、名詞や代名詞によって指示される人、物、場所、事象などの特性や性質を詳しく説明する単語です。形容詞は、色、大きさ、形状、気質、国籍など様々な特性を指すことができます。例: ""big"", ""small"", ""beautiful"", ""happy"".",adjective
セクション1-5:形容詞 (adjectives),例文,"Q: ""It's a beautiful day."" この文の形容詞を挙げてください。","A: 形容詞は: beautiful.","beautiful day"
セクション1-5:形容詞 (adjectives),練習問題,"Q: 以下の文で、形容詞として使われている単語を全て挙げてください。""She has a big, old, red car.""","A: 形容詞: big, old, red.","car"
セクション1-5:形容詞 (adjectives),同じカテゴリ内の拡張,"Q: 比較級と最上級に用いる形容詞を説明し、例を挙げてください。","A: 比較級は2つのものを比較するための形容詞で、大抵は '-er' または 'more' の形をとります。例: ""bigger"", ""more beautiful""。最上級は3つ以上のものから最も顕著なものを指すための形容詞で、大抵は '-est' または 'most' の形をとります。例: ""biggest"", ""most beautiful""。","comparison"
セクション1-5:形容詞 (adjectives),異なるカテゴリとの関連性,"Q: 形容詞はどのように名詞と関連していますか？","A: 形容詞は、名詞の特性、特質、質を詳しく説明する役割があります。形容詞は通常、名詞の前に置かれます。例: ""She has a brown cat."""，"brown cat"
セクション1-5:形容詞 (adjectives),文化的・社会的文脈,"Q: 形容詞は文化や社会によって異なる意味を持つことがありますか？","A: はい、形容詞はその文化や地域に特有のニュアンスを持つことがあります。例えば、""cool""はアメリカ英語では「素晴らしい」や「かっこいい」といった意味にも使われます。これらの意味は、直訳では理解できません。","cool"
セクション1-5:形容詞 (adjectives),実用的な派生,"Q: 形容詞「red」を使ったイディオムまたはフレーズを挙げてください。","A: 例えば、""red-handed""は「現行犯で」という意味のフレーズです。""Catch someone red-handed""は「誰かを現行犯で捕まえる」という意味です。","caught"
セクション1-6:副詞 (adverbs),学習事項の基礎的な説明,"Q: 副詞とは何ですか？","A: 副詞は、動詞、形容詞、または他の副詞の意味を修飾する単語です。副詞は、行動の方法（例： ""slowly""）、場所（例： ""here""）、頻度（例： ""often""）、または時間（例： ""yesterday""）を説明することができます。",adverb
セクション1-6:副詞 (adverbs),例文,"Q: ""She walks very slowly."" この文の副詞をあげてください。","A: 副詞: very, slowly.","walking slowly"
セクション1-6:副詞 (adverbs),練習問題,"Q: 以下の文の中から副詞を全て挙げてください。""He rarely goes out since he moved to the new city.""","A: 副詞: rarely, out, since, new.",city
セクション1-6:副詞 (adverbs),同じカテゴリ内の拡張,"Q: 比較級と最上級に用いる副詞を説明し、例を挙げてください。","A: 比較級は2つの行動を比較する際に使用され、'-er' または 'more' の形をとることが多いです。例: ""faster"", ""more slowly""。最上級は3つ以上の行動の中から最も顕著なものを表示する際に使用され、'-est' または 'most' の形をとります。例: ""fastest"", ""most slowly""。","race"
セクション1-6:副詞 (adverbs),異なるカテゴリとの関連性,"Q: 副詞はどのように動詞と関連していますか？","A: 副詞は、動詞の行動の様態、場所、時間、頻度を修飾します。例: ""She runs quickly."" では、""quickly"" は ""runs"" を修飾し、彼女がどのように走るかを説明しています。","running fast"
セクション1-6:副詞 (adverbs),文化的・社会的文脈,"Q: 副詞は文化や社会によって異なる意味を持つことがありますか？","A: はい、副詞もまた、地域や文化ごとに異なるニュアンスを持つことがあります。例えば、""well""はアメリカ英語では""very""と同等の強調助詞として使われる場合があります。","well done"
セクション1-6:副詞 (adverbs),実用的な派生,"Q: 副詞「fast」を使った一般的なイディオムやフレーズを挙げてください。","A: 例えば、""fast forward""は一般的な表現で、「時間を早める」または「進歩する」などの意味があります","fast forward"
セクション1-7:前置詞 (prepositions),学習事項の基礎的な説明,"Q: 前置詞とは何ですか？","A: 前置詞は、文中の名詞や代名詞とそれ以外の部分との関係を示す単語です。場所（""on""、""at""、""in""）、時間（""before""、 ""after""、 ""during""）や方向（""to""、 ""into""、 ""toward""）を示すために使うことが多いです。","preposition"
セクション1-7:前置詞 (prepositions),例文,"Q: ""She is in the park."" この文での前置詞をあげてください。","A: 前置詞: in.","park"
セクション1-7:前置詞 (prepositions),練習問題,"Q:次の文で、前置詞を２つ挙げてください。 ""He will arrive at the station before noon.""","A: 前置詞: at, before.",train station
セクション1-7:前置詞 (prepositions),同じカテゴリ内の拡張,"Q: 具体的な物事や抽象的な概念に使われる前置詞の例を３つずつあげてください。","A: 具体的な物事: ""in a box""（箱の中に）, ""on the table"" (テーブルの上に), ""under the bed""（ベッドの下に）。抽象的な概念: ""before midnight""（真夜中前に）, ""after class""（授業後に）, ""during the meeting""（会議中に）。","box"
セクション1-7:前置詞 (prepositions),異なるカテゴリとの関連性,"Q: 前置詞と動詞が一緒に使われる理由は何ですか？","A: 動詞との前置詞の組み合わせ（前置詞句）は、動詞の意味を具体化したり解釈したりするためによく使われます。例えば、""look at""は具体的な見る行為を、「look for」は探す行為を表します。","looking for"
セクション1-7:前置詞 (prepositions),文化的・社会的文脈,"Q: 前置詞の使い方は、国や地域によって変わることがありますか？","A: はい、その通りです。例えば、アメリカ英語では ""on the weekend"" と表現するのに対して、イギリス英語では ""at the weekend"" と表現します。","weekend"
セクション1-7:前置詞 (prepositions),実用的な派生,"Q: ""run""という動詞に関連するイディオムにはどのようなものがありますか？それぞれの意味も教えてください。","A: 例えば、""run into""（遭遇する、偶然に見つける）や ""run out of""（〜がなくなる）などがあります。","running into surprise"
セクション1-8:接続詞 (conjunctions),学習事項の基礎的な説明,"Q: 接続詞とは何ですか？","A: 接続詞は単語や節、文をつなげるために使われる語です。接続詞には語や句、節をつなげるもの（and, but, or）や文をつなげるもの（so, because, although）があります。","conjunction"
セクション1-8:接続詞 (conjunctions),例文,"Q: ""I like cats but I am allergic."" この文での接続詞をあげてください。","A: 接続詞: but.","cats"
セクション1-8:接続詞 (conjunctions),練習問題,"Q:次の文で、接続詞を２つ挙げてください。 ""She wanted to play outside, but it was raining, so she read a book instead.""","A: 接続詞: but, so.",books
セクション1-8:接続詞 (conjunctions),同じカテゴリ内の拡張,"Q:接続詞の種類を挙げてその用途を説明してください。","A: 代表的な接続詞には次のものがあります: 1. 節接続詞（例: that、if、because等） - 主文と従属文をつなげる。 2. 系列接続詞（例: and、or、but等） - 同じ種類の語や節をつなげる。 3. 節接続副詞（例: however、therefore等） - 文をつなげ、前の文に対する続きや転換を示す。","conjunction example"
セクション1-8:接続詞 (conjunctions),異なるカテゴリとの関連性,"Q: 副詞と接続詞は何が違いますか？","A:副詞は動詞、形容詞、他の副詞、もしくは全体の文を修飾するのに対して、接続詞は文や語句をつなげます。","connect"
セクション1-8:接続詞 (conjunctions),文化的・社会的文脈,"Q: 接続詞の使い方は、国や地域によって変わることがありますか？","A: はい、接続詞の順序や使われ方は、方言や言語変種によって異なることがあります。例えば、アメリカ英語では '""I drink coffee and eat breakfast.""（私はコーヒーを飲み、そして朝食を食べる）と最初に '""coffee""'の行為を述べてから '""breakfast""' の行為を述べますが、いくつかの英語変種では逆の順序で表現します。","cultural difference"
セクション1-8:接続詞 (conjunctions),実用的な派生,"Q: 接続詞の使用によって、文の意味にどのような影響を与えることがありますか？","A: 接続詞によって、文の意味や文全体の流れが大きく変わることがあります。例えば、'""She was tired, so she went to bed early.""'と'""She was tired, but she went to bed early.""'では、'""so""'と'""but""'の違いにより、全体のニュアンスが大きく変わります。","changing meaning"
セクション1-9:感嘆詞 (interjections),学習事項の基礎的な説明,"Q: 感嘆詞とは何ですか？","A: 感嘆詞は、驚き、興奮、怒り、悲しみなどの感情や感覚を表現するための単語です。例えば '""Wow!"", '""Ouch!"", '""Oh!"", '""Hmm""' などがあります。","emotion"
セクション1-9:感嘆詞 (interjections),例文,"Q: ""Hmm, I'm not sure about that."" この文での感嘆詞をあげてください。","A:感嘆詞: Hmm.","thinking"
セクション1-9:感嘆詞 (interjections),練習問題,"Q: 次の感嘆詞を使って文を作ってください。 ""Oh"", ""Wow"", ""Oops"".","A: ""Oh, I didn't know that. Wow, that's amazing! Oops, I dropped my pencil.""","writing"
セクション1-9:感嘆詞 (interjections),同じカテゴリ内の拡張,"Q: 感嘆詞はどのような場面で頻繁に使われますか？","A: 感嘆詞はしばしば、突然の驚きや感情の発露、反応を示すために使われます。会話の中で感情を強調するのによく使われます。","excitement"
セクション1-9:感嘆詞 (interjections),異なるカテゴリとの関連性,"Q: 一部の感嘆詞は他の品詞としても機能することがありますか？","A: はい、それは可能です。例えば、'""well""'は感嘆詞として使われることもありますが、副詞や間投詞としても使われます。","multiple usages"
セクション1-9:感嘆詞 (interjections),文化的・社会的文脈,"Q: 感嘆詞は地域や文化によって違いがありますか？","A: はい、感嘆詞は文化や地域によって異なる意味やニュアンスを持つことがあります。それぞれの国や地域のスラングや方言において、特定の感嘆詞が独特な意味を持つこともあります。","cultural difference"
セクション1-9:感嘆詞 (interjections),実用的な派生,"Q: 感嘆詞の活用例を挙げて説明してください。","A: 感嘆詞はさまざまな状況や感情を表すために使用されます。例えば、'""Oh!""'は驚きや理解を表すのに使われ、'""Ugh!""'は不快感やイライラを表すのに使われ、'""Yay!""'は喜びや興奮を表すのに使われます。","express emotions"
セクション2-1:文の種類 (Types of Sentences),学習事項の基礎的な説明,"Q: 文の基本的な種類とは何ですか？","A: 文はその機能によって異なる種類に分けられます。声明文、疑問文、命令文、感嘆文があります。","sentence types"
セクション2-1:文の種類 (Types of Sentences),例文,"Q: ""Can you help me?"" この文の種類を教えてください。","A: これは疑問文です。","question"
セクション2-1:文の種類 (Types of Sentences),練習問題,"Q: 次のそれぞれの文の種類を答えてください。 ""Stop!""、""It's raining.""、""What's your name?""","A: ""Stop!""は命令文、""It's raining.""は声明文、""What's your name?""は疑問文です。","types of sentences"
セクション2-1:文の種類 (Types of Sentences),同じカテゴリ内の拡張,"Q: 感嘆文とは何か、その特徴は何かを説明してください。","A: 感嘆文は驚きや強い感情を表します。通常は"Wow!"や"Oh!"などの感嘆詞で始まります。","exclamation"
セクション2-1:文の種類 (Types of Sentences),異なるカテゴリとの関連性,"Q: 「文の種類」は、英語の他の文法事項とどのように関連していますか？","A:「文の種類」は、文の目的や形式に応じて適切な語彙、文法、句読点を選択するのに重要な基礎となっています。また、話し言葉や書き言葉といった文脈によって、どの文の種類を使うべきかも決まります。","situational English"
セクション2-1:文の種類 (Types of Sentences),文化的・社会的文脈,"Q: 文の種類は文化的習慣や社会的文脈に影響されますか？","A: はい、それは可能です。例えば、ある社会的・文化的な習慣では直接的な命令文の使用が一般的かもしれませんが、他の習慣では否定形を使って間接的な命令文が好まれるかもしれません。","cultural communication"
セクション2-1:文の種類 (Types of Sentences),実用的な派生,"Q: 声調を変えることで、同じ文でも異なる種類の文にすることができますか？","A:確かに、声調を変えることで、同じ単語の並びでも異なる種類の文を表現できます。例えば、""You're going?""と疑問調で言えば、それは疑問文になりますが、""You're going.""と平坦に言えば、それは声明文になります。","intonation"
セクション2-2:疑問文 (questions),学習事項の基礎的な説明,"Q: 疑問文とは何ですか？", "A: 疑問文は情報を求めるために使われます。大抵は疑問詞（Who, What, Where, When, Why, How）で始まり、文末に疑問符(?)を置きます。","question"
セクション2-2:疑問文 (questions),例文,"Q: ""Who ate the last piece of cake?"" この文は何型の疑問文ですか？","A: これは「誰が」を尋ねる疑問文です。","cake"
セクション2-2:疑問文 (questions),練習問題,"Q: 次の文を疑問文に変えてください。 ""You are studying English.""","A: ""Are you studying English?""","studying"
セクション2-2:疑問文 (questions),同じカテゴリ内の拡張,"Q: 疑問詞以外にも疑問文を作る方法を教えてください。","A: はい、auxiliary verb（be, have, doなどの助動詞）やmodal verb（can, could, wouldなどのモーダル動詞）を文の最初に置くことでも疑問文を作ることができます。例: ""Do you like baseball?""、""Can you swim?""","baseball"
セクション2-2:疑問文 (questions),異なるカテゴリとの関連性,"Q: 疑問文中の疑問詞は、具体的にどのような情報を求めますか？","A: 疑問詞は種類により、異なる情報を尋ねます。例えば、""Who""は人物を、“Where”は場所を、“When”は時間を、“What”は物事を、“Why”は理由を、“How”は方法や状態を尋ねます。", "questions"
セクション2-2:疑問文 (questions),文化的・社会的文脈,"Q: 疑問文は、文化的な習慣やマナーにより使用が違いますか？", "A: はい、それは可能です。例えば、文化によっては直接的な疑問文が不適切とされ、間接的な表現が好まれる場合もあります。", "cultural manners"
セクション2-2:疑問文 (questions),実用的な派生,"Q: 疑問文は、実際のコミュニケーションでどのように使用されますか？", "A: 疑問文は情報を得るためだけでなく、会話を始めたり続けたりするためにも頻繁に使用します。また、礼儀を示すために疑問形を使うこともあります。例: ""Could you pass the salt, please?""","communication"
セクション2-3:否定文 (negatives),学習事項の基礎的な説明,"Q: 否定文とは何ですか?", "A: 否定文は何かが存在しないこと、または行動が行われないことを表す文です。一般的には動詞の前に否定語 'not' を置くことで作られます。","negation"
セクション2-3:否定文 (negatives),例文,"Q: ""She does not play piano."" この文は何型の否定文ですか？","A: これは「する」動詞に否定語を加えた否定文です。","piano"
セクション2-3:否定文 (negatives),練習問題,"Q: 次の文を否定文に変えてください。 ""They are going to the park.""","A: ""They are not going to the park.""","park"
セクション2-3:否定文 (negatives),同じカテゴリ内の拡張,"Q: Englishでは、'not'以外にもどのような否定語がありますか？","A: 英語には 'not' の他にも 'never'（決して～ない）や 'no one'（誰も～ない）、'nothing'（何も～ない）などの否定語があります。","negation"
セクション2-3:否定文 (negatives),異なるカテゴリとの関連性,"Q: 疑問文と否定文はどのように関係していますか？","A: 疑問文と否定文は関連しています。たとえば、否定的な回答を与えるための疑問文があります。例：""Isn't it beautiful?""","question and negation"
セクション2-3:否定文 (negatives),文化的・社会的文脈,"Q: 否定文の用法は、文化や社会により異なりますか？", "A: はい、それは可能です。例えば、一部の文化では間接的な否定を好むことがあります。また、'no'と直接言うことを避ける傾向もあるかもしれません。","cultural manners"
セクション2-3:否定文 (negatives),実用的な派生,"Q: 否定文は実際のコミュニケーションでどのように使いますか？", "A: 否定文は、仮定や意志、要求、提案などを表すためにも頻繁に使用されます。また、「no」と直接言うのを避けたいときや、否定的な意見を表す際にも使われます。","communication"
セクション2-4:肯定文 (affirmatives),学習事項の基礎的な説明,"Q: 肯定文とは何ですか？", "A: 肯定文は何かが存在すること、または行動が行われることを表す文です。対義語は否定文です。","affirmation"
セクション2-4:肯定文 (affirmatives),例文,"Q: ""James plays soccer."" この文は何型の肯定文ですか？","A: これは「する」動詞を用いた肯定文です。", "soccer"
セクション2-4:肯定文 (affirmatives),練習問題,"Q: 次の文を肯定文に変えてください。 ""They are not going to the beach.""","A: ""They are going to the beach.""","beach"
セクション2-4:肯定文 (affirmatives),同じカテゴリ内の拡張,"Q: 長い肯定文を作るためにはどうしたらよいですか？","A: 長い肯定文を作るには、主語、動詞、そして付加情報（時間、場所、原因、方法など）を追加します。例: ""She is playing tennis at the club with her friends.""", "long sentence"
セクション2-4:肯定文 (affirmatives),異なるカテゴリとの関連性,"Q: 肯定文と疑問文はどのように関連していますか？","A: 肯定文は疑問文を作るベースになることが多いです。例えば、""She is playing tennis.""の疑問文は""Is she playing tennis?""になります。","question and affirmation"
セクション2-4:肯定文 (affirmatives),文化的・社会的文脈,"Q: 肯定文の用法は、文化あるいは社会により異なりますか？","A: はい、それは可能です。例えば、一部の文化では直接的な肯定を避け、間接的な表現を好むことがあります。", "cultural manners"
セクション2-4:肯定文 (affirmatives),実用的な派生,"Q: 肯定文は実際のコミュニケーションでどのように使いますか？", "A: 肯定文は実際のコミュニケーションでは資訊の提供、規則の確認、意見の表明、同意の示し等様々な用途で使われます。","communication"
セクション2-5:命令文 (imperatives),学習事項の基礎的な説明,"Q: 命令文とは何ですか？", "A: 命令文は何かをするように人に指示を出す文です。","instruction"
セクション2-5:命令文 (imperatives),例文,"Q: ""Open the door."" この文は何型の命令文ですか？","A: これは一般的な動詞を用いた命令文です。", "open door"
セクション2-5:命令文 (imperatives),練習問題,"Q: 次の文を命令文に変えてください。 ""You should go to bed early.""","A: "Go to bed early."","bed"
セクション2-5:命令文 (imperatives),同じカテゴリ内の拡張,"Q: 命令文にはどのような種類がありますか？","A: 命令文には、直接命令、間接命令、依頼などがあります。直接命令は強い命令感があり、間接命令や依頼はもっとやんわりとした命令形です。", "different types"
セクション2-5:命令文 (imperatives),異なるカテゴリとの関連性,"Q: 命令文と肯定文はどのように関連していますか？","A: 命令文は直接的なアクションを要求する一方、肯定文は事実や状況を述べます。しかし、命令文は時には暗黙的な肯定を省略することがあります。例: ""(You) Go to the store."" ここで ""You"" は暗黙の理解です。","affirmation and command"
セクション2-5:命令文 (imperatives),文化的・社会的文脈,"Q: 命令文の使用は社会や文化の文脈によって異なりますか？","A: はい、それは可能です。柔和な命令や依頼の形は、直接的な命令が鈍感または不適切と考えられる文化では特に重要です。", "cultural manners"
セクション2-5:命令文 (imperatives),実用的な派生,"Q: 命令文は日常生活でどのように使われますか？", "A: 命令文は、人にアクションをとるように頼む場合、指示を出す場合、または依頼する場合に日常的に使われます。","daily life"
セクション3-1:動詞 (Verbs),学習事項の基礎的な説明,"Q: 動詞とは何ですか？","A: 動詞はアクション、事象、状況の発生、または状態の変化を表す単語です。","action"
セクション3-1:動詞 (Verbs),例文,"Q: ""The boy plays soccer. ""この文で、動詞は何ですか？","A: 動詞は ""plays"" です。","playing soccer"
セクション3-1:動詞 (Verbs),練習問題,"Q: 次の文における動詞を答えてください： ""She reads a book every night."" ""They are running in the park.""","A: 1つ目の文の動詞は ""reads"" 、2つ目の文の動詞は ""are running"" です。","reading"
セクション3-1:動詞 (Verbs),同じカテゴリ内の拡張,"Q: 動詞はどのように分類されますか？","A: 動詞は主に行為動詞と状態動詞の2つに分類されます。行為動詞は具体的なアクションを、状態動詞は状態または感情を表します。他にも、一部の動詞は助動詞として使われます。","types of verbs"
セクション3-1:動詞 (Verbs),異なるカテゴリとの関連性,"Q: 動詞が形容詞や名詞とどのように関連するか説明してみてください。","A: 動詞はしばしば名詞（主語）が行う行動を表します。形容詞は多くの場合、動詞により表現される行動の様態や結果を詳細に説明します。","verbs and adjectives"
セクション3-1:動詞 (Verbs),文化的・社会的文脈,"Q: 動詞の使用は文化や社会により異なりますか？","A: はい、異なります。一部の文化では、話し言葉のレベルで特定の動詞形が頻繁に使用される場合があります。また、一部の地域変種では、特定の動詞形（例：過去形）が一部の地域特有の形に変化することもあります。","cultural variation"
セクション3-1:動詞 (Verbs),実用的な派生,"Q: ""go"" の基本的な意味以外にどのように使われますか？","A: ""go"" は多くのフレーズやイディオムで使われます。""go ahead""（進む）, ""go for it""（やってみる）, ""go out""（外出する）などがあります。","going ahead"
セクション3-2:時制 (Tenses),学習事項の基礎的な説明,"Q: 時制とは何ですか？","A: 時制は動詞の形が表す行動や状態が過去、現在、未来のどの時間にあるのかを示すものです。英語には現在、過去、未来の基本的な3つの時制があり、これらはそれぞれ進行形、完了形、進行完了形に拡張されます。","time"
セクション3-2:時制 (Tenses),例文,"Q: 過去形、現在形、未来形をそれぞれ1つずつ例文で示してください。","A: 過去形: ""She played soccer yesterday.""（彼女は昨日サッカーをした。）現在形: ""He reads a book.""（彼は本を読んでいる。）未来形: ""They will go to the park tomorrow.""（彼らは明日公園に行く予定です。）","past present future"
セクション3-2:時制 (Tenses),練習問題,"Q: 次の文を過去形、未来形に変えてみてください。 ""I play soccer every day.""","A: 過去形: ""I played soccer every day."" 未来形: ""I will play soccer every day.""","playing soccer"
セクション3-2:時制 (Tenses),同じカテゴリ内の拡張,"Q: 現在完了形とは何ですか？例を挙げてみましょう。","A: 現在完了形は、過去のある時点から現在までまたはその期間を参照する動詞の形で、「has/have + 過去分詞」の形を取ります。例：""I have studied English.""（私は英語を勉強してきました。）","present perfect tense"
セクション3-2:時制 (Tenses),異なるカテゴリとの関連性,"Q: 時制と助動詞の関係を説明してください。","A: 助動詞は主動詞の意味を補完し、しばしば時制を表示します。例えば、未来形を表すときには 'will' や 'is going to' を用います。また、助動詞 'have' は現在完了形を作るのに使われます。","modal verbs and tenses"
セクション3-2:時制 (Tenses),文化的・社会的文脈,"Q: 時制の使い方は文化や地域によって異なりますか？","A: いくつかの文化や地域では、特定の時制を頻繁に使用したり、特定の状況下で特定の時制を好むといった特性が見られます。これは主に話し言葉のレベルで現れます。","cultural variation in tenses"
セクション3-2:時制 (Tenses),実用的な派生,"Q: ""run"" の過去形、現在完了形、未来形は何ですか？","A: ""run""の過去形は ""ran""、現在完了形は ""have run""、未来形は ""will run"" or ""is going to run"" です。","running in different tenses"
セクション3-3:進行形 (Progressive),学習事項の基礎的な説明,"Q: 進行形とは何ですか？","A: 進行形は行為が進行中であることを示すために使用される時制です。進行形は現在、過去、未来の各時制で使用できます。進行形は「be + 動詞の-ing形」で形成されます。","progressive tense"
セクション3-3:進行形 (Progressive),例文,"Q: 現在進行形、過去進行形、未来進行形をそれぞれ1つずつ例文で示してください。","A: 現在進行形: ""She is reading a book.""（彼女は本を読んでいる。）過去進行形: ""We were eating dinner.""（私たちは夕食を食べていた。）未来進行形: ""They will be playing soccer.""（彼らはサッカーをしているだろう。）","reading eating playing"
セクション3-3:進行形 (Progressive),練習問題,"Q: 次の文を現在進行形、過去進行形、未来進行形に変えてみてください。 ""I play soccer every day.""","A: 現在進行形: ""I am playing soccer."" 過去進行形: ""I was playing soccer."" 未来進行形: ""I will be playing soccer.""","playing soccer"
セクション3-3:進行形 (Progressive),同じカテゴリ内の拡張,"Q: 過去完了進行形とは何ですか？例を挙げてみましょう。","A: 過去完了進行形は、過去の一定時間にすでに終わっていたが、それまでずっと進行していた行動を示すのに使用します。形は「had been + 動詞の-ing形」です。例：""I had been studying for three hours before I took a break.""（休憩する前に私は3時間勉強していました。）","past perfect progressive"
セクション3-3:進行形 (Progressive),異なるカテゴリとの関連性,"Q: 助動詞と進行形の関係を説明してください。","A: 進行形は通常、助動詞 'be' と主動詞の現在分詞（-ing形）を使用して形成されます。この 'be' は適切な時制に合わせて変化します（現在時制では 'am', 'is', 'are', 過去時制では 'was', 'were', 未来時制では 'will be' など）。","auxiliary verbs and progressive tense"
セクション3-3:進行形 (Progressive),文化的・社会的文脈,"Q: 進行形の使い方は、文化や地域によって異なりますか？","A: 一部の地域や文化では、特定の行動の継続を示すためにより頻繁に進行形を使用することがありますが、基本的な用途や意味は全世界で共通しています。","cultural variation in progressive usage"
セクション3-3:進行形 (Progressive),実用的な派生,"Q: ""run"" の現在進行形、過去進行形、未来進行形は何ですか？","A: ""run""の現在進行形は ""am/is/are running""、過去進行形は ""was/were running""、未来進行形は ""will be running"" or ""is/are going to be running"" です。","running in different progressive tenses"
セクション3-4:完了形 (Perfect),学習事項の基礎的な説明,"Q: 完了形とは何ですか？","A: 完了形は、ある行動が特定の時間点において既に『完了』している状態を示す時制です。「have/has + 過去分詞」で形成され、現在完了形・過去完了形・未来完了形などがあります。","perfect tense"
セクション3-4:完了形 (Perfect),例文,"Q: 現在完了形・過去完了形・未来完了形をそれぞれ１つずつ例文で示してください。","A: 現在完了形: ""I have finished my homework.""（私は宿題を終えた。）過去完了形: ""I had finished my homework by the time I went to bed.""（私は寝る時にはすでに宿題を終えていた。）未来完了形: ""I will have finished my homework by tomorrow.""（私は明日までに宿題を終えるだろう。）","finished homework"
セクション3-4:完了形 (Perfect),練習問題,"Q: 次の文を現在完了形・過去完了形・未来完了形に変えてみてください。 ""I play soccer every day.""","A: 現在完了形: ""I have played soccer today."" 過去完了形: ""I had played soccer by the time the sun set."" 未来完了形: ""I will have played soccer by this time tomorrow.""","playing soccer"
セクション3-4:完了形 (Perfect),同じカテゴリ内の拡張,"Q: 完了進行形とは何ですか？例を挙げてください。","A: 完了進行形は、過去の一定時間から現在またはその直前まで続いている進行中の行動を表すために使用されます。「has/have been + 動詞の-ing形」で形成されます。例：""I have been studying for three hours."""（私は鉛筆を使っています。）","perfect progressive tense"
セクション3-4:完了形 (Perfect),異なるカテゴリとの関連性,"Q: 助動詞と完了形の関係を説明してください。","A: 完了形は、助動詞 'have' と過去分詞を使用して形成されます。この 'have' を適切な時制に合わせて変化させます（現在完了では 'have/has', 過去完了では 'had', 未来完了では 'will have'）。","auxiliary verbs and perfect tense"
セクション3-4:完了形 (Perfect),文化的・社会的文脈,"Q: 完了形の使い方は文化や地域によって異なりますか？","A: 一部の地域や文化では、特定のタイミングや状況における行動の完了を示すために、完了形が頻繁に使用される場合があります。しかし、基本的な使用目的と意味は全世界で共通しています。","cultural difference in perfect tense usage"
セクション3-4:完了形 (Perfect),実用的な派生,"Q: ""work"" の現在完了形・過去完了形・未来完了形は何ですか？","A: ""work""の現在完了形は ""have/has worked""、過去完了形は ""had worked""、未来完了形は ""will have worked"" です。","worked in different perfect tenses"
セクション3-5:動詞の規則性 (Regular vs. Irregular verbs),学習事項の基礎的な説明,"Q: 規則動詞と不規則動詞の違いは何ですか？","A: 規則動詞は、過去形と過去分詞を作るときに、基本形の末尾に '-ed' を追加することで規則的に形成されます。一方、不規則動詞は特別な形を持つ動詞で、規則的なパターンがありません。基本形、過去形、過去分詞の各形が異なる場合が多いです。","regular and irregular verbs"
セクション3-5:動詞の規則性 (Regular vs. Irregular verbs),例文,"Q: 規則動詞と不規則動詞をそれぞれ一つずつ、その過去形とともに示してください。","A: 規則動詞： 'work' - 'worked', 不規則動詞： 'go' - 'went'","regular and irregular verb examples"
セクション3-5:動詞の規則性 (Regular vs. Irregular verbs),練習問題,"Q: 次の動詞が規則動詞か不規則動詞か判断して、過去形を書いてください。 'play', 'have', 'watch', 'see', 'start'","A: 'play' - 規則動詞, 過去形: 'played' 'have' - 不規則動詞, 過去形: 'had' 'watch' - 規則動詞, 過去形: 'watched' 'see' - 不規則動詞, 過去形: 'saw' 'start' - 規則動詞, 過去形: 'started'","regular vs irregular verbs exercise"
セクション3-5:動詞の規則性 (Regular vs. Irregular verbs),同じカテゴリ内の拡張,"Q: 不規則動詞が規則動詞と異なる理由を説明してください。","A: 不規則動詞は、英語が他の言語、特に古代のゲルマン語系言語から影響を受けた結果、規則性がなくなった一部の動詞です。これらの動詞は、その変形が規則的でないため、個々に覚える必要があります。","origin of irregular verbs"
セクション3-5:動詞の規則性 (Regular vs. Irregular verbs),異なるカテゴリとの関連性,"Q: 動詞の規則性と時制の関連性を説明してください。","A: 動詞の規則性（規則動詞または不規則動詞であるか）は、特に過去形と過去分詞を作る際に重要です。規則動詞は 'ed' を追加するだけですが、不規則動詞は特殊な形をとるため、正しい時制を形作るためにはこれらを個々に覚える必要があります。","tenses and verb regularity"
セクション3-5:動詞の規則性 (Regular vs. Irregular verbs),文化的・社会的文脈,"Q: 不規則動詞の使用は方言や地域によって異なりますか？","A: はい、一部の地域や方言では、特定の不規則動詞の過去形や過去分詞の形が異なることがあります。しかし、標準英語では、これらの形は一般的に共通です。","dialect variation in irregular verbs"
セクション3-5:動詞の規則性 (Regular vs. Irregular verbs),実用的な派生,"Q: 'run', 'begin', 'swim' の基本形、過去形、過去分詞を挙げてください。","A: 'run' - 基本形: run, 過去形: ran, 過去分詞: run. 'begin' - 基本形: begin, 過去形: began, 過去分詞: begun. 'swim' - 基本形: swim, 過去形: swam, 過去分詞: swum.","practical usage of irregular verbs"
セクション3-6:助動詞 (Modal verbs),学習事項の基礎的な説明,"Q: 助動詞とは何ですか？","A: 助動詞は、他の動詞と一緒に用いられ、その意味や時制を変える働きをする動詞です。例えば、 'can', 'could', 'will', 'would', 'should', 'may', 'might', 'must' などがあります。","modal verbs"
セクション3-6:助動詞 (Modal verbs),例文,"Q: 'can', 'must', 'should' を使った例文をそれぞれ作成してください。","A: 'can': 'I can swim.' 'must': 'You must study for the test.' 'should': 'You should go to bed early tonight.'","modal verbs examples"
セクション3-6:助動詞 (Modal verbs),練習問題,"Q: 次の動詞 'go', 'study', 'sleep' に対応する助動詞を入れて、意味に応じた文を作成してください (1. 能力, 2. 必要性, 3. 助言)。","A: 1. 'I can go to the party.' 2. 'You must study for the exam.' 3. 'You should sleep early.'","modal verbs exercise"
セクション3-6:助動詞 (Modal verbs),同じカテゴリ内の拡張,"Q: 'will' と 'would' の使い方の違いを述べてください。","A: 'will' は未来の出来事を述べる際や、意志・決意を表す際に使います。一方 'would' は推測や丁寧な依頼、仮定の状況などを表す際に使います。","will and would"
セクション3-6:助動詞 (Modal verbs),異なるカテゴリとの関連性,"Q: 助動詞と時制との関連は何ですか？","A: 助動詞は、他の動詞と組み合わせることで、その動詞の時制（過去、現在、未来）を変え、または意味（推測、可能性、必要性など）を追加することができます。","tenses and modal verbs"
セクション3-6:助動詞 (Modal verbs),文化的・社会的文脈,"Q: 英語の方言や地域によって、助動詞の使用が変わることはありますか？","A: はい、方言や地域、または社会文化的なコンテクストによって助動詞の使用が微妙に変わることがあります。しかし、その基本的な意味や用法は概ね共通しています。","dialect variation in modal verbs"
セクション3-6:助動詞 (Modal verbs),実用的な派生,"Q: 'can', 'may', 'must'を使って、それぞれ異なる状況を表した文を作ってください。","A: 'can': 'I can play the piano.' (能力) 'may': 'May I borrow your book?' (許可) 'must': 'I must finish my homework today.' (必要性)","practical usage of modal verbs"
セクション4-1:代名詞(Pronouns),学習事項の基礎的な説明,"Q: 代名詞とは何ですか？","A: 代名詞は、名詞が既に述べられてそれが何を指すか明確な場合に、その名詞を置き換えて使われる単語です。主な代名詞には 'he', 'she', 'it', 'they', 'we', 'you' などがあります。","pronouns"
セクション4-1:代名詞(Pronouns),例文,"Q: 'he', 'she', 'it', 'they', 'we', 'you' を使った例文をそれぞれ作成してください。","A: 'he': He is my brother. 'she': She is my sister. 'it': It is my book. 'they': They are my friends. 'we': We are a team. 'you': You are my best friend.","pronouns examples"
セクション4-1:代名詞(Pronouns),練習問題,"Q: 次の文で、名詞を対応する代名詞に変えてください。 'John and Mary are at the park. John and Mary are eating ice cream.'","A: 'John and Mary are at the park. They are eating ice cream.'","pronouns exercise"
セクション4-1:代名詞(Pronouns),同じカテゴリ内の拡張,"Q: 所有代名詞とは何ですか？","A: 所有代名詞は、所有物や関係を示す代名詞です。例えば、'my', 'your', 'his', 'her', 'its', 'our', 'their' があります。","possessive pronouns"
セクション4-1:代名詞(Pronouns),異なるカテゴリとの関連性,"Q: 代名詞と名詞の関連性は何ですか？","A: 代名詞は、名詞を置き換えることができます。名詞が明確で、これ以上繰り返す必要がない場合に、その名詞を代名詞で置き換えることができます。","nouns and pronouns"
セクション4-1:代名詞(Pronouns),文化的・社会的文脈,"Q: 代名詞の使用が社会的な規范や配慮にどのように影響するか述べてください。","A: 代名詞の使用は、個人の性別認識や選択に影響を与える可能性があります。例えば、性別に固定されない代名詞 'they' は、ジェンダーニュートラルな代名詞として尊重と配慮の表現となります。","gender pronouns"
セクション4-1:代名詞(Pronouns),実用的な派生,"Q: 'I'の代わりに使える別の代名詞は何か、それを用いて文を作ってください。","A: 'I' の代わりに 'we' （複数形）があります。または具体的な状況により、自分自身を指す ''myself' も使用可能です。例：'We are going to the cinema tonight.' または 'I did it all by myself.'","practical usage of pronouns"
セクション4-2:主格 (subject pronouns),学習事項の基礎的な説明,"Q: 主格代名詞とは何ですか？","A: 主格代名詞は、文の主体を示します。「I」「you」「he」「she」「it」「we」「they」などがあります。","subject pronouns"
セクション4-2:主格 (subject pronouns),例文,"Q: 'I', 'you', 'he', 'she', 'it', 'we', 'they' を使った例文をそれぞれ作成してください。","A: 'I': I am a student. 'You': You are a teacher. 'He': He is my brother. 'She': She is my sister. 'It': It is a cat. 'We': We are friends. 'They': They are my parents.","subject pronouns examples"
セクション4-2:主格 (subject pronouns),練習問題,"Q: 次の文で、適切な主格代名詞を選んでください。「_____ am reading a book.」","A: 'I am reading a book.'","pronouns exercise"
セクション4-2:主格 (subject pronouns),同じカテゴリ内の拡張,"Q: 主格と目的格の代名詞の違いは何ですか？","A: 主格代名詞は文の主体、つまり行為を行っている人や物を示します。一方、目的格代名詞は動作の対象、つまり行為を受けている人や物を示します。例えば「I love you.」では、「I」が主格、'you'が目的格です。","object pronouns"
セクション4-2:主格 (subject pronouns),異なるカテゴリとの関連性,"Q: 主格代名詞と動詞の関連性は何ですか？","A: 主格代名詞は通常、動詞の前に来て、動作を行っている人や物を示します。例えば、「She runs.」では、「She」が主格代名詞で、「runs」が動詞です。","verbs"
セクション4-2:主格 (subject pronouns),文化的・社会的文脈,"Q: 主格代名詞の使用が社会的な規範や配慮にどのように影響するか述べてください。","A: 主格代名詞は、個人の性別認識や選択に影響を与える可能性があります。最近では、性別に固定されない代名詞 'they' が、単数形の主格代名詞として使用されることもあります。","gender pronouns"
セクション4-2:主格 (subject pronouns),実用的な派生,"Q:「I」の代わりに使える主格代名詞を使ってフレーズを作ってみましょう。","A:「We are going on a trip.」","pronouns usage"
セクション4-3:目的格 (object pronouns),学習事項の基礎的な説明,"Q: 目的格代名詞とは何ですか？","A: 目的格代名詞は、動詞や前置詞の目的語として使われます。'me', 'you', 'him', 'her', 'it', 'us', 'them'などがあります。","object pronouns"
セクション4-3:目的格 (object pronouns),例文,"Q: 'me', 'you', 'him', 'her', 'it', 'us', 'them' を使った例文をそれぞれ作成してください。","A: 'me': He likes me.  'you': I see you. 'him': She called him. 'her': I know her. 'it': We want it. 'us': They invited us. 'them': I helped them.","object pronouns examples"
セクション4-3:目的格 (object pronouns),練習問題,"Q: 次の文で、適切な目的格代名詞を選んでください。「She loves _____.」","A: 'She loves him.'","pronouns exercise"
セクション4-3:目的格 (object pronouns),同じカテゴリ内の拡張,"Q: 主格代名詞と目的格代名詞の違いを再度説明してください。","A: 主格代名詞は文の主体を表し、行動を行っている人や物を示します。一方、目的格代名詞は動詞や前置詞の対象を表し、行動を受ける人や物を示します。","subject vs object pronouns"
セクション4-3:目的格 (object pronouns),異なるカテゴリとの関連性,"Q: 前置詞と目的格代名詞の関連性は何ですか？","A: 目的格代名詞は前置詞の直後に来ます。前置詞と目的格代名詞の組み合わせにより、「in her」、「with us」、「to them」などの表現が生成されます。","prepositions"
セクション4-3:目的格 (object pronouns),文化的・社会的文脈,"Q: 目的格代名詞の使用が社会的な規範や配慮にどのように影響するか述べてください。","A: 人々が自己表現に使う代名詞は、自己認識と尊重の重要な手段です。進歩的な社会では、個々が使用する代名詞を尊重し、それに従って主格や目的格の代名詞を使用することが期待されます。","gender pronouns"
セクション4-3:目的格 (object pronouns),実用的な派生,"Q:「You」の代わりに使える目的格代名詞を使ってフレーズを作ってみましょう。","A:「He loves her.」","pronouns usage"
セクション4-4:所有格 (possessive pronouns),学習事項の基礎的な説明,"Q: 所有格代名詞とは何ですか？","A: 所有格代名詞は、物・事が誰に属しているかを示すために使われます。例えば、'mine', 'yours', 'his', 'hers', 'its', 'ours', 'theirs' などがあります。", "possessive pronouns"
セクション4-4:所有格 (possessive pronouns),例文,"Q: 'mine', 'yours', 'his', 'hers', 'its', 'ours', 'theirs' を使った例文をそれぞれ作成してください。","A: 'mine': This book is mine. 'yours': Is this car yours? 'his': That is his hat. 'hers': The choice is hers. 'its': Each dog has its day. 'ours': The victory was ours. 'theirs': The last slice of cake is theirs.","possessive pronouns examples"
セクション4-4:所有格 (possessive pronouns),練習問題,"Q: サッカーボールがあなたのものだと説明するための正しい所有格代名詞は何ですか？","A: 'The soccer ball is mine.'","pronouns exercise"
セクション4-4:所有格 (possessive pronouns),同じカテゴリ内の拡張,"Q: 所有格の形容詞と所有格の代名詞の違いは何ですか？","A: 所有格の形容詞は名詞の前に来ます：これは彼の本（his book）。所有格の代名詞は、その所有物自体を参照します：これは彼のです（this is his）。両者ともに所有を示しますが、使用法と役割が異なります。","possessive adjectives"
セクション4-4:所有格 (possessive pronouns),異なるカテゴリとの関連性,"Q: 所有格代名詞と形容詞の関連性は何ですか？","A: 所有格代名詞と形容詞は両方とも所有を示しますが、所有格形容詞は名詞と一緒に使われ、所有格代名詞は名詞なしで使用されます。たとえば、「This is her book.」（これは彼女の本です）と「This book is hers.」（この本は彼女のものです）の違いです。","pronouns and adjectives"
セクション4-4:所有格 (possessive pronouns),文化的・社会的文脈,"Q: 所有を示す表現はどのように社会や文化に影響を受けますか？","A: 所有を示す表現は、価値観、規範、物の所有方法に影響を受けます。一部の言語では、男性と女性の間で所有格の使い方が異なる場合があります。また、一部の文化では共有が重視されるため、「私たちの」という表現が頻繁に使用されます。","cultural expressions"
セクション4-4:所有格 (possessive pronouns),実用的な派生,"Q:「He was ____ best friend.」という文を完成させてみましょう。","A:「He was my best friend.」","best friend"
セクション4-5:反射代名詞 (reflexive pronouns),学習事項の基礎的な説明,"Q: 反射代名詞とは何ですか？","A: 反射代名詞は、行動が主語自身に向かっていることを示すために使われます。例えば、'myself', 'yourself', 'himself', 'herself', 'itself', 'ourselves', 'yourselves', 'themselves'があります。","reflexive pronouns"
セクション4-5:反射代名詞 (reflexive pronouns),例文,"Q: 'myself', 'yourself', 'himself', 'herself', 'itself', 'ourselves', 'yourselves', 'themselves' を使った例文をそれぞれ作成してください。","A: 'myself': I did it myself. 'yourself': You should treat yourself. 'himself': He built the house himself. 'herself': She paints herself. 'itself': The cat washes itself. 'ourselves': We should challenge ourselves. 'yourselves': You must control yourselves. 'themselves': The birds taught themselves to fly.","reflexive pronouns examples"
セクション4-5:反射代名詞 (reflexive pronouns),練習問題,"Q: 「自分たちで食料を準備してください。」という文を英語でどう表現しますか？","A: 'Prepare the food yourselves.'","cooking"
セクション4-5:反射代名詞 (reflexive pronouns),同じカテゴリ内の拡張,"Q: 反射代名詞と強調代名詞の違いは何ですか？","A: 反射代名詞は行動が主語自身に戻ることを表すのに対し、強調代名詞は動作を行う主体を強調します。たとえば、'I hit myself.'は反射代名詞で、動作が「自分」に戻っていることを示しています。一方、'I myself hit the ball.'は強調代名詞で、「自分がボールを打った」という事実を強調しています。", "emphasis"
セクション4-5:反射代名詞 (reflexive pronouns),異なるカテゴリとの関連性,"Q: 反射代名詞と不定詞の関連性は何ですか？","A: 反射代名詞は不定詞と一緒に使われることがあります。たとえば、「I want to improve myself.」「I need to push myself.」など", "infinitives"
セクション4-5:反射代名詞 (reflexive pronouns),文化的・社会的文脈,"Q: 反射代名詞の使用はどのように文化や言語の特性に影響を受けますか？","A: 反射代名詞の使用は文化や言語の特性に大きく影響を受けます。一部の言語では、特定の文脈で反射代名詞を使用することで、語意や口調が大きく変わる場合があります。また、同じ文を異なる言語で表現するとき、反射代名詞が必要だったり不要だったりすることもあります。","reflexive pronouns cultural context"
セクション4-5:反射代名詞 (reflexive pronouns),実用的な派生,"Q:「自分自身を信じる」というフレーズを英語でどう表現しますか？","A: 'Believe in yourself.'","motivation"
セクション4-6:相互代名詞 (reciprocal pronouns),学習事項の基礎的な説明,"Q: 相互代名詞とは何ですか？","A: 相互代名詞は2人以上の人が互いに同じ行動をお互いに取り合っていることを示すために使われます。「each other」と「one another」が相互代名詞です。","reciprocal pronouns"
セクション4-6:相互代名詞 (reciprocal pronouns),例文,"Q: 映画の登場人物たちがお互いを助けていることを示す例文を英語で作成してください。","A: The characters in the movie were helping each other.","helping each other"
セクション4-6:相互代名詞 (reciprocal pronouns),練習問題,"Q: 「彼と彼女はお互いに信頼している」という文を英語でどう表現しますか？","A: 'He and she trust each other.'","trust each other"
セクション4-6:相互代名詞 (reciprocal pronouns),同じカテゴリ内の拡張,"Q:「each other」と「one another」の違いは何ですか？","A: 「each other」と「one another」は基本的に同じ意味ですが、一部の文法家は「each other」は2人の相互の行動を、「one another」は3人以上の相互の行動を表す時に使うべきだと提唱しています。しかし、現代英語ではこの二つの相互代名詞は通常、差別なく使われます。", "each other vs one another"
セクション4-6:相互代名詞 (reciprocal pronouns),異なるカテゴリとの関連性,"Q: 相互代名詞と動詞の関連性は何ですか？","A: 相互代名詞は動詞と一緒に使われ、その動詞の行動が複数の主体間でお互いに行われていることを示します。例えば、「They love each other」では、「love」の行動が互いに発生していることを「each other」が示しています。","verb and reciprocal pronoun"
セクション4-6:相互代名詞 (reciprocal pronouns),文化的・社会的文脈,"Q: 相互代名詞の使用はどのように社会的な規範やコミュニティの特性に影響を受けますか？","A: 社会的な規範や、コミュニティの特性によって相互代名詞の使用は異なる場合があります。例えば、共同体や集団の規模や結束性、相互作用の頻度や親密さなどが、どのように「each other」や「one another」が使用されるかに影響を与えることがあります。","social norms"
セクション4-6:相互代名詞 (reciprocal pronouns),実用的な派生,"Q:「私たちはお互いに手紙を書く」を英語でどう表現しますか？","A: 'We write to each other.'","writing letters"
セクション5-1:質問文 (Questions),学習事項の基礎的な説明,"Q: 英語での基本的な質問の形づくりはどのようなものですか？","A: 基本的な英語の疑問文は、一般的には疑問詞 (Who, What, Where, When, Why, How)か助動詞 (do, does, did, is, are, am, was, were, have, has, had等)で始まります。助動詞の後に主語が来て、その後に動詞が続きます。疑問詞のあとにも基本的に同じ構文が続きます。","question structure"
セクション5-1:質問文 (Questions),例文,"Q: ''What time is it?'' という質問文を分析してください。","A: ''What time is it?'' という文は、疑問詞 'What' で始まり、それに続いて ''time''、助動詞 ''is''、そして主語 ''it'' が続いています。これは時間を尋ねる一般的な英語の質問形です。","asking time"
セクション5-1:質問文 (Questions),練習問題,"Q: ''When does the train arrive?'' という英文が正しい形の質問文になっているか答えてください。","A: はい、''When does the train arrive?'' は正しい形の英文の質問です。'When' が疑問詞で、'does' が助動詞、'the train' が主語、 'arrive' が動詞となっています。","train arrival"
セクション5-1:質問文 (Questions),同じカテゴリ内の拡張,"Q: 繋辞（接続詞）が疑問文にどのように影響しますか？","A: 繋辞は質問文だけでなく、全ての文の流れと組織を整理します。疑問詞がない質問文で、特にYes/No questionsでは、繋辞は文の主たる意味をもたらす部分とそれ以外の部分を結びつけます。例えば、「Are you hungry because you skipped breakfast?」では 'because' は質問の理由を説明しています。","conjunctions in questions"
セクション5-1:質問文 (Questions),異なるカテゴリとの関連性,"Q: 肯定文と疑問文の文型はどのように異なりますか？","A: 英語における基本的な肯定文の文型では、主語が先に来て、その後に動詞が続きます（例: 'You are tired.'）。一方、基本的な疑問文では、助動詞（または疑問詞+助動詞）が先に来て、その後に主語がきます（例: 'Are you tired?'）","statement vs question"
セクション5-1:質問文 (Questions),文化的・社会的文脈,"Q: 疑問文の使用はどのように文化や社会的な規範に影響されますか？","A: 社会文化的な規範や期待は、質問の形式や頻度、そしてどのような状況で何を尋ねるかを大きく左右します。例えば、一部の文化では直接的な質問は失礼とされるところもあります。また、質問の仕方も社会的な役割や関係、状況により変わり得ます。","cultural norms questions"
セクション5-1:質問文 (Questions),実用的な派生,"Q: 会議で出席者が理解しているかどうかを確認する質問は何ですか？","A: そのような状況では、「Is everyone following?」や「Does anyone have questions?」等の質問が用いられます。","business meeting"
セクション5-2:疑問詞 (Question words),学習事項の基礎的な説明,"Q: 英語の疑問詞は何ですか？","A: 英語の疑問詞には Who, What, Where, When, Why, How などがあります。これらは特定の情報を求めるために質問文を始めるのに使われます。","question words"
セクション5-2:疑問詞 (Question words),例文,"Q: 'Who' と 'Whom' はどのように使い分けますか？","A: 'Who' は通常、質問文の主語として使われます。例えば、'Who ate the last cookie?'\n'Whom' は質問文の目的語として使われます。例えば、'Whom did you ask?'\nただし、口語英語では 'whom' の使用はかなり制限され、多くの場合に 'who' で代替されます。","who vs whom"
セクション5-2:疑問詞 (Question words),練習問題,"Q: 次の質問文の疑問詞を指摘してください。 'When does the movie start?'","A: この質問文の疑問詞は 'When' です。","movie start"
セクション5-2:疑問詞 (Question words),同じカテゴリ内の拡張,"Q: 'Whose' という疑問詞は何を尋ねますか？","A: 疑問詞 'Whose' は所有権または関係性を尋ねるために使われます。例えば、「Whose pencil is this?」（これは誰のペンシルですか？）。","whose"
セクション5-2:疑問詞 (Question words),異なるカテゴリとの関連性,"Q: 疑問詞と冠詞の使い方はどのように関連していますか？","A: 疑問詞の後に冠詞が来ることがよくあります。例えば、「What is the time?」では、疑問詞 'What' の後に冠詞 'the' が来ます。これは、特定の時間（すなわち、「the time」）を尋ねています。","question and article"
セクション5-2:疑問詞 (Question words),文化的・社会的文脈,"Q: 疑問詞の使い方は、コンテクストや文化により影響されることがありますか？","A: はい、それは可能です。例えば、直接的な疑問文は一部の文化では避けられることがあります。また、特定の状況では、疑問詞を使った間接的な質問の方が適切とされます。たとえば、「Would you know where the bathroom is?」のような表現です。","indirect questions"
セクション5-2:疑問詞 (Question words),実用的な派生,"Q: 異なる疑問詞を使って、同じ情報を得るような質問を思いつきますか？","A: その情報が何であるかによりますが、異なる疑問詞を用いて同じ意味になる質問をすることは可能です。例えば、時間の尋ね方として、「What time is it?」（今何時？）と「When is now?」（今はいつ？）は同じ情報を得るための質問ですが、前者の方がよく使われます。後者はあまり一般的ではありません。","asking time"
セクション5-3: Yes/No questions,学習事項の基礎的な説明,"Q: Yes/No questionsとは何ですか？","A: Yes/No questionsは、返答が 'yes' または 'no' である質問です。これらの質問は通常、動詞を先頭に置くことで形成されます。例えば、「Are you ready?」や「Do you like pizza?」などです。","yes no question"
セクション5-3: Yes/No questions,例文,"Q: 典型的なYes/No questionsを2つ挙げてください","A: 「Are you a student?」、「Do you have a car?」等が例として考えられます。","yes no question"
セクション5-3: Yes/No questions,練習問題,"Q: 次の文をYes/No questionsに変換してください。 'You are going to the party.'","A: 変換後のYes/No questionsは「Are you going to the party?」となります。","party question"
セクション5-3: Yes/No questions,同じカテゴリ内の拡張,"Q: Yes/No questionsでも詳細を求める方法はありますか？","A: Yes、質問に具体的な情報を追加することで、Yes/Noの回答だけでなく、詳細な情報も得ることができます。例えば、「Did you like the movie, and why?」（映画は好きだったか、それはなぜか）","movie question"
セクション5-3: Yes/No questions,異なるカテゴリとの関連性,"Q: Yes/No questionsと_wh-questions（疑問詞を含む質問）とは何が異なりますか？","A: _wh-questionsは具体的な情報を求めます（例えば、何、どこで、いつ等）。一方、Yes/No questionsは確認や確認のニーズに対応し、返答は主に「yes」または「no」になります。","wh-question"
セクション5-3: Yes/No questions,文化的・社会的文脈,"Q: Yes/No questionsの使用は文化標識になることがありますか？","A: はい、それは可能です。一部の文化では、直接的なYes/No questionsは避けられることがあります。他の文化では、Yes/No questionsを積極的に活用して情報を得ます。これは、直接性と個人主義を価値とする文化と、非直接性や共同体主義を尊重する文化の間での違いを反映しています。","cultural differences"
セクション5-3: Yes/No questions,実用的な派生,"Q: Yes/No questionsは日常生活でどのように使われますか？","A: Yes/No questionsは日常生活でよく使われます。これらの質問は特に、人々が短い回答を望んでいるときや、特定の情報を迅速に確認したいときに使われます。例えば、「Are you hungry?」（お腹が空いていますか）、「Do you need help?」（助けが必要ですか）等があります。","everyday scenarios"
セクション5-4: Tag questions,学習事項の基礎的な説明,"Q: Tag questionsとは何ですか？","A: Tag questionsは、確認や同意を求めるために文の最後に追加される短い質問のことを指します。タグ質問は、基本的に文の主要部分の内容を反転させる形で構成されます。例：「You're coming to the party, aren't you?'","tag question"
セクション5-4: Tag questions,例文,"Q: Tag questionsの例を1つ挙げてください","A: 「You're studying English, aren't you?」これはTag questionsの一例です。","studying English"
セクション5-4: Tag questions,練習問題,"Q: 次の文にtag questionを追加してください。 'You have a car.'","A: Tag questionを追加した文は「You have a car, don't you?」になります。","car question"
セクション5-4: Tag questions,同じカテゴリ内の拡張,"Q: 「She isn't coming to the party, is she?」という文はどういう意味ですか？","A: この文では、話し手が「彼女はパーティーに来ない」と推測しており、その確認を求めています。'is she?'の部分がtag questionになっています。","party question"
セクション5-4: Tag questions,異なるカテゴリとの関連性,"Q: 通常の疑問文とTag questionsの違いは何ですか？","A: 通常の疑問文は一般的に情報を求めるために使われます。一方、Tag questionsは主に発話者の意見や理解を確認、または他人の同意を求めるために使用されます。","tag vs normal question"
セクション5-4: Tag questions,文化的・社会的文脈,"Q: Tag questionsの使用は文化によって異なりますか？","A: Yes、タグ質問の使用は文化によって異なることがあります。アメリカ英語では、非論理的なアフタータグ（tag）を日常会話で使うことがあります（例「You're going to the store, right?」)。一方、イギリス英語では論理的なアフタータグ（tag）がより一般的です (例「You're going to the store, aren't you?」)","cultural differences"
セクション5-4: Tag questions,実用的な派生,"Q: 日常生活でのTag questionsの使い方は？","A: 日常生活で、人々は情報を確認したり、他人の同意を求めたりするためにTag questionsを使うことがあります。例えば、友人があなたが知っているはずの計画について話した後、あなたは「So, we're meeting at 8, aren't we?」（それで、私たちは8時に会うんだよね？）と言うかもしれません。","everyday scenarios"
セクション6-1:比較 (Comparison),学習事項の基礎的な説明,"Q: 英語における「比較」の基本的な概念を説明してください。","A: 英語では形容詞や副詞を使って2つ以上の事物を比較することができます。比較の表現には「比較級」(例: 'bigger'、'more interesting')と「最上級」(例: 'the biggest'、'the most interesting')があります。また、等しい比較をするときは「as...as」(例: 'as big as'、'as interesting as')を使用します。","comparison"
セクション6-1:比較 (Comparison),例文,"Q: 比較級を使った例文を一つ挙げてください。","A: 「Tom is taller than Jerry.」 この文は「TomはJerryよりも背が高い」という比較を表しています。","taller"
セクション6-1:比較 (Comparison),練習問題,"Q: 「Bob runs faster than Tom」 この文を最上級を使って書き換えてください。","A: 書き換えた文は「Bob runs the fastest」になります。","running fast"
セクション6-1:比較 (Comparison),同じカテゴリ内の拡張,"Q: 「the best」はどの種類の比較形を表していますか？","A: 「the best」は形容詞 'good' の最上級形を表しています。最上級形は3つ以上の物事を比較するときに使われます。","the best"
セクション6-1:比較 (Comparison),異なるカテゴリとの関連性,"Q: 名詞と比較形が組み合わさると何が起こりますか？","A: 名詞と比較形が組み合わさると、数量や程度を詳しく説明するのに役立つ比較文が作られます。例：'He has more books than I do.' （彼は私よりも多くの本を持っています。）","more books"
セクション6-1:比較 (Comparison),文化的・社会的文脈,"Q: ある地域の方言を使って例を挙げ、英語における比較の表現が地方や文化によってどのように異なるか説明してください。","A: ヨークシャー英語では、「than」を「to」に置き換えて使うことがよくあります。たとえば、「He's bigger to me」はスタンダード英語では「He's bigger than me」になります。地方や文化によって言語の一部が異なるように、比較の表現も地方や文化によって異なる場合があります。","cultural differences"
セクション6-1:比較 (Comparison),実用的な派生,"Q: 'The more, the merrier' というフレーズの意味と用途を説明してください。","A: 'The more, the merrier'は一般的に、人が増えれば増えるほど楽しくなる、という意味で使われます。これは比較級の一例で、一緒に時間を過ごす人々の数が増えれば増えるほど楽しくなる、という比較を示しています。この表現は、パーティーや集まりなどに招待するときなどによく使われます。","party"
セクション6-2:比較級 (comparative form),学習事項の基礎的な説明,"Q: 比較級とは何ですか？",A: 比較級とは、形容詞や副詞を使用して、2つの物事を比較するための形を指します。",'scale'
セクション6-2:比較級 (comparative form),例文,"Q: 比較級を使った例文を一つ挙げてください。","A: 「This book is more interesting than the other one.」 この文は「この本は他の本よりも興味深い」という比較を表しています。","book"
セクション6-2:比較級 (comparative form),練習問題,"Q: 形容詞「cold」の比較級を書いてください。","A: 形容詞「cold」の比較級は「colder」です。","cold"
セクション6-2:比較級 (comparative form),同じカテゴリ内の拡張,"Q: 不規則な比較級について説明してください。","A: 不規則な比較級は通常のルールに従わない比較形を持つ形容詞や副詞です。例えば、「good」は「better」、「bad」は「worse」などです。","irregular"
セクション6-2:比較級 (comparative form),異なるカテゴリとの関連性,"Q: 名詞と比較級を一緒に使用した場合、何が起こりますか？","A: 名詞と比較級を一緒に使用すると、「more」または「less」が必要になることがあります。例えば、「She has more books than I do.」（彼女は私よりも多くの本を持っています。）","more books"
セクション6-2:比較級 (comparative form),文化的・社会的文脈,"Q: 英語の比較級表現は文化によってどのように理解されますか？","A: 英語の比較級表現は、社会や文化の中で特定の価値観を反映していることがあります。例えば、「bigger is better」（大きい方が良い）という考え方は、一部の文化では成績、成功、または物の所有などに関してしばしば見られます。しかし、これは全ての文化で共有される価値観ではありません。",'cultural values'
セクション6-2:比較級 (comparative form),実用的な派生,"Q: 'I am older and wiser.' というフレーズの意味と用途を説明してください。","A: 'I am older and wiser'は「私はより年配で、より賢くなりました」という意味です。人が経験を積むことで成長し、知識を増やすことを表現しています。年を取ったこと自体が重要なのではなく、経験と学びを通じて得た知識と洞察力が重視されます。",'wisdom'
セクション6-3:最上級 (superlative form),学習事項の基礎的な説明,"Q: 最上級とは何ですか？",A: 最上級とは、形容詞や副詞を使用して、3つ以上のものの中で最も高い、または最も低い順序またはランクを表す形を指します。,'champion'
セクション6-3:最上級 (superlative form),例文,"Q: 最上級を使った例文を一つ挙げてください。","A: 「She is the fastest runner on the team.」 この文は「彼女はチームで最も速いランナーです」という最上級の比較を表しています。","fastest runner"
セクション6-3:最上級 (superlative form),練習問題,"Q: 形容詞「happy」の最上級を書いてください。","A: 形容詞「happy」の最上級は「happiest」です。","happy"
セクション6-3:最上級 (superlative form),同じカテゴリ内の拡張,"Q: 不規則な最上級について説明してください。","A: 不規則な最上級とは、通常のルールに従わない最上級を持つ形容詞や副詞です。例えば、「good」の最上級は「best」、「bad」の最上級は「worst」となります。","irregular"
セクション6-3:最上級 (superlative form),異なるカテゴリとの関連性,"Q: 名詞と最上級を一緒に使用した場合、何が起こりますか？","A: 名詞と最上級を一緒に使用すると、特定のグループの中で何がもっとも高い（または最も低い）かを表します。例えば、「He is the tallest person in the class.」（彼はクラスで最も高い人物です。）","tallest person"
セクション6-3:最上級 (superlative form),文化的・社会的文脈,"Q: 英語の最上級表現は何か文化的な意味を持っていますか？","A: いくつかの場合、英語の最上級表現は社会的価値観を反映し、积極的または否定的な意味合いを持つことがあります。例えば、「the best」や「the greatest」といった表現は通常、評価または尊敬を示すために使用されます。一方で、「the worst」や「the least」といった表現は、通常、批評または否定的な評価を表すために使用されます。,'cultural values'
セクション6-3:最上級 (superlative form),実用的な派生,"Q: 'It's the least I can do.' というフレーズは何を意味し、どのような文脈で使用されますか？","A: 'It's the least I can do.' というフレーズは、「少なくともこれくらいはできる」という意味で、相手に感謝の意を伝えたり、謙遜の意を示すために使用されます。このフレーズは、自身が提供した助けや支援が大したことではないと伝える文脈でよく使用されます。",'gratitude'
セクション6-4:命令文 (imperatives),学習事項の基礎的な説明,"Q: 命令文とは何ですか？","A: 命令文は、何かをするように誰かに指示したり、頼んだり、要求したりするために使用される文です。コマンド、リクエスト、アドバイスなど、様々なタイプの要求を表すために使われます。",'Command'
セクション6-4:命令文 (imperatives),例文,"Q: 命令文の例を一つ挙げてください。","A: 例えば、「Please close the door.」は一つの命令文です。この文はドアを閉めるように頼む命令文です。",Door
セクション6-4:命令文 (imperatives),練習問題,"Q: 「座ってください。」を英語の命令文にしてください。","A: 英語での命令文は、「Please sit down.」になります",Sitting
セクション6-4:命令文 (imperatives),同じカテゴリ内の拡張,"Q: 命令文には正式な形と非正式な形がありますか？それぞれを教えてください。","A: はい、命令文には正式な形と非正式な形があります。正式な形では、「Please」を使用して礼儀正しく要求を伝えます。例：Please sit down. 非正式な形では、「Please」が省略され、より直設に要求が伝えられます。例：Sit down.",Formality 
セクション6-4:命令文 (imperatives),異なるカテゴリとの関連性,"Q: 命令文と否定文を一緒にどのように使いますか？","A: 命令文と否定文を一緒に使うと、何かをしないように誰かに指示することができます。例えば、「Don't touch that!」は「それに触れないで！」という意味の否定的な命令文です。",Don't touch
セクション6-4:命令文 (imperatives),文化的・社会的文脈,"Q: 英語の命令文は他の言語に比べてどのように感じられますか？","A: 一部の文化では、英語の命令文が非常に直訳と感じられることがあります。しかし、英語圏では、命令文は日常的な会話の一部であり、コミュニケーションを効率的にするためのツールとして使用されます。",Cultural perception
セクション6-4:命令文 (imperatives),実用的な派生,"Q: 'Mind your head.' というフレーズは何を意味し、どのような文脈で使用されますか？","A: 'Mind your head.' は「頭に注意して」という意味で、低い場所やドア越しに歩く人々に対して頻繁に使用されるフレーズです。このフレーズは、人々が自分の頭をぶつける可能性のある危険を警告するために使用されます。",Warning sign
セクション7-1:前置詞 (Prepositions),学習事項の基礎的な説明,"Q: 前置詞とは何ですか？","A: 前置詞は、名詞（または名詞フレーズ）、代名詞、または数詞と文の他の部分との関係を示すために使用される単語です。 前置詞は通常、それらの言葉の後ろに位置します（物理的な位置、時間、方法など）と他の部分との間の関係を示します。","Preposition"
セクション7-1:前置詞 (Prepositions),例文,"Q: 前置詞の例を一つ挙げてください。","A: 英語の前置詞の例としては「on」があります。例えば、'The book is on the table.' という文では、「on」が前置詞として機能し、'book'と'table'の関係を示しています。","Book on table"
セクション7-1:前置詞 (Prepositions),練習問題,"Q: 'She goes to school by bus.' この文に含まれる前置詞は何ですか？","A: この文に含まれる前置詞は 'to' と 'by' の2つです。","School bus"
セクション7-1:前置詞 (Prepositions),同じカテゴリ内の拡張,"Q: 'in', 'on', 'at' はどのように使い分けますか？","A: 'in' 'on' 'at' は場所や時間を表すために使用されますが、使い方は異なります。「in」は最も一般的な前置詞で、大きな場所または時間を示すときに使われます。「on」は表面上または特定の日付や曜日を示すときに使われます。「at」は特定の場所や時間を示すときに使われます。","In on at"
セクション7-1:前置詞 (Prepositions),異なるカテゴリとの関連性,"Q: 'to' と 'for' はどのように使い分けますか？","A: 「to」と「for」はどちらも前置詞ですが、使用方法と意味が異なります。「to」は方向性、目標、目的地を示すのに使われます。「for」は理由や目的を示すのに使われます。例えば、""I am going to the market to buy some fruits for my mother."" という文では、最初の 'to' は目的地（市場）を示し、2つ目の 'to' は目的（果物を買う）を示し、'for' は理由（母親のため）を示しています。","To and For"
セクション7-1:前置詞 (Prepositions),文化的・社会的文脈,"Q: 前置詞は地域や文化によって使い方が異なりますか？","A: はい、いくつかの前置詞の使用は地理的または文化的な違いにより異なる場合があります。例えば、アメリカ英語では「週末」を表すために 'on the weekend' と言いますが、イギリス英語では 'at the weekend' と言います。","Cultural differences"
セクション7-1:前置詞 (Prepositions),実用的な派生,"Q: 'Look up' というフレーズは何を意味しており、どのような文脈で使いますか？","A: 'Look up' は視線を上に向ける意味であることが多いですが、これは直訳的な意味です。しかし、このフレーズは他の文脈では「情報を探す」や「改善する」といった意味でも使われます。例えば、「Look up the word in the dictionary.」は「辞書で言葉を探す」、「Things are looking up.」は「事態が良くなっている」という意味になります。",Looking up
セクション8-1:接続詞 (Conjunctions),学習事項の基礎的な説明,"Q: 接続詞とは何ですか？","A: 接続詞は、言葉や文をつなげるために使用される単語です。主な接続詞には「and」、「but」、「or」、「so」などがあります。","Conjunction"
セクション8-1:接続詞 (Conjunctions),例文,"Q: 接続詞の例を一つ挙げてください。","A: 「and」は接続詞の一種で、二つ以上の要素をつなげます。例: 'She bought apples and oranges from the market.' この文では、'and'が'apples'と'oranges'をつなげています。","Apples and Oranges"
セクション8-1:接続詞 (Conjunctions),練習問題,"Q: 以下の文で接続詞は何ですか？ 'He wanted to play outside, but it was raining.' ","A: この文では、接続詞 'but' が二つの文 'He wanted to play outside' と 'it was raining' をつないでいます。","Raining Outside"
セクション8-1:接続詞 (Conjunctions),同じカテゴリ内の拡張,"Q: 接続詞である 'and' と 'but' の違いを説明してください。","A: 'And' と 'but' はどちらも接続詞であり、文をつなげるために使われます。しかし、その使い方と意味は異なります。「and」は項目やアイデアを追加または連続させる場合に使います。一方、「but」はコントラストまたは対照を示すため、または前の文を否定するために使われます。","And and But"
セクション8-1:接続詞 (Conjunctions),異なるカテゴリとの関連性,"Q: どのようにして接続詞を利用して文の流れを改善しますか？","A: 接続詞は、アイデアや句、節、文を連結して、より流れのある文を作るのに役立ちます。「and」、「but」、「or」、「so」などの接続詞を使用して、個々の短い文をより長く、複雑で具体的な文につなげることができます。接続詞は読者がアイデアや情報のフローを理解しやすくします。","Connecting sentences"
セクション8-1:接続詞 (Conjunctions),文化的・社会的文脈,"Q: 接続詞の使用は文化的または地域的な違いを反映しますか？","A: 接続詞自体は普遍的ですが、一部の接続詞は特定の地域や文化の言語でより一般的に使用される可能性があります。また、語順や接続詞の位置など、使われ方には方言や地域的な違いが反映されることがあります。","Cultural Differences"
セクション8-1:接続詞 (Conjunctions),実用的な派生,"Q: 'Neither...nor' という接続詞のフレーズを説明していくつかの例を挙げてください。","A: 'Neither...nor' は文の中で二つの要素をつなげ、その両方が真実ではないことを示します。例: 'Neither John nor Mary is available.'（ジョンもメアリーも利用できません）'I like neither apples nor oranges.'（私はリンゴもオレンジも好きではありません）","Neither Nor"
セクション9-1:冠詞 (Articles),学習事項の基礎的な説明, "Q: 冠詞とは何ですか？", "A: 冠詞は、名詞の前に置かれ、その名詞が特定または不特定であることを示します。「a」「an」は不特定の名詞の前に置かれ、「the」は特定の名詞の前に置かれます。例:'an apple', 'the apple'。",'articles'
セクション9-1:冠詞 (Articles),例文,"Q: 'a','an', 'the' の用例を一つずつ教えてください。","A: 'a' の例: 'I saw a cat in the park.' (公園で猫を見た) 'an' の例: 'She has an umbrella.' (彼女は傘を持っている) 'the' の例: 'The dog that bit me was black.' (私を噛んだ犬は黒だった)",'a an the'
セクション9-1:冠詞 (Articles),練習問題,"Q: 次の文章に適切な冠詞を挿入してください。 '___ sun is shining brightly.' ","A: 正解は 'The sun is shining brightly.'",'sun shining'
セクション9-1:冠詞 (Articles),同じカテゴリ内の拡張,"Q: 'a' と 'an' の使用の違いを説明してください。","A: 'a' と 'an' は、名詞が一般的、不特定であることを示す不定冠詞です。一般的に、名詞が語音で始まる場合には 'an' を、子音で始まる場合には 'a' を使います。例: an apple, a car.",'a and an'
セクション9-1:冠詞 (Articles),異なるカテゴリとの関連性,"Q: 名詞と冠詞の関連性について説明してください。","A: 冠詞は名詞の前に置かれ、その名詞が特定であるか不特定であるかを示します。例えば、「a」または「an」は不特定の名詞を指し、つまりそれが初めて言及されたか、話者と聞き手にはまだ不明なものを指します。「the」は特定の名詞を指し、つまりそれが既に言及されているか、話者と聞き手には既知のものを指します。",'Nouns and Articles'
セクション9-1:冠詞 (Articles),文化的・社会的文脈,"Q: 英語以外の言語では、冠詞の使用はどのように異なりますか？","A: 言語によっては冠詞がまったく存在しない場合や、冠詞が性、数、格によって異なる形を取る場合があります。例えば、フランス語は冠詞が性と数によって変化するのに対し、日本語は冠詞が存在しません。",'Articles in different languages'
セクション9-1:冠詞 (Articles),実用的な派生,"Q: 不特定冠詞('a','an')と特定冠詞('the')がニュアンスと意味にどのように影響を与えるかについて説明してください。","A: 不特定冠詞と特定冠詞の違いは、その名詞が話者と聞き手にとってどの程度特定または認識可能であるかによって異なります。'a' or 'an'が使われると、その名詞は一般的または特定ではないことを示します。これは、その名詞が初めて言及された場合や、話者が具体的なものを指していない場合によく見られます。一方、'the'を使うと、その名詞が既知のものである、またはとても具体的なものであることを示します。",'Specific and nonspecific'
セクション10-1:否定文 (Negatives),学習事項の基礎的な説明,"Q: 否定文とは何ですか？","A: 否定文は、何かが存在しないこと、または行動や状況が true でないことを表現するための文です。英語では通常 'not' を使用して文を否定します。例: 'I do not like bananas.' (私はバナナが好きではありません。)",'not symbol'
セクション10-1:否定文 (Negatives),例文,"Q: 'She is a teacher.' を否定文に変えてください。","A: 'She is not a teacher.'",'not symbol'
セクション10-1:否定文 (Negatives),練習問題,"Q: 次の文章を否定文に変えてください。 'They will go to the party.' ","A: 'They will not go to the party.'",'no party'
セクション10-1:否定文 (Negatives),同じカテゴリ内の拡張,"Q: 'never'を使用した否定文の例を出してください。","A: 'I have never been to France.' (私はフランスに行ったことがない。)",'never symbol'
セクション10-1:否定文 (Negatives),異なるカテゴリとの関連性,"Q: 否定文は、どのようにして文の主張やニュアンスを変えますか？","A: 否定文は、文の意味を反対にすることで、文の主張やニュアンスを完全に変えます。これは、特定の行動や状況が存在しないことを明確に述べたい場合や、ある事項について否定的な見解を示したい場合に特に重要です。",'changing meaning'
セクション10-1:否定文 (Negatives),文化的・社会的文脈,"Q: 否定文の表現は、地域や文化によってどのように変わってきますか？","A: 一部の地域や社会では、直接的な否定が文化的に浅はかとされ、間接的な表現が好まれることがあります。例えば、'I don't know.' よりも 'I'm not sure.' の方が好まれる場合があります。",'cultural nuances'
セクション10-1:否定文 (Negatives),実用的な派生, "Q: 「don't」「doesn't」「didn't」はどのように使われますか？","A:これらの形は全て否定を作るために使われ、主に次のように使われます：'don't'は現在形の否定（例：I don't eat meat.）、'doesn't'は第三人称単数の現在形の否定（例：He doesn't eat meat.）、'didn't'は過去形の否定（例：I didn't eat meat.）",'Don't Doesn't Didn't'
セクション11-1:句読点 (Punctuation),学習事項の基礎的な説明,"Q: 句読点とは何ですか？","A: 句読点とは、文章や文の区切りや休止、感説号などの目的で使用される記号のことを指します。主な句読点にはピリオド、コンマ、疑問符、感嘆符、セミコロン、コロン、引用符、ダッシュなどがあります。",'punctuation symbols'
セクション11-1:句読点 (Punctuation),例文,"Q: 疑問符、感嘆符、コンマを用いた例文をそれぞれ1つずつ作ってください。","A: 疑問符: 'How are you doing?' 感嘆符: 'What a beautiful sunset!' コンマ: 'I need milk, eggs, and bread from the grocery store.'",'question mark exclamation mark comma'
セクション11-1:句読点 (Punctuation),練習問題,"Q: 次の文を読み、ピリオド、疑問符、感嘆符、コンマのどれが適切か答えてください。 'How wonderful to meet you_____'","A: この文は感嘆を表しているので、感嘆符が適切です。つまり、'How wonderful to meet you!'が正解です。",'exclamation mark'
セクション11-1:句読点 (Punctuation),同じカテゴリ内の拡張,"Q: コロンとセミコロンの違いを説明してください。","A: コロン ':' は文を導入し、リストを示すか、または1つのアイデアを他のアイデアに接続するために使用されます。一方、セミコロン ';' は2つの関連するが別々の文を接続するために使用されます。",'colon semicolon'
セクション11-1:句読点 (Punctuation),異なるカテゴリとの関連性,"Q: 句読点はどのように意味やトーンを変えますか？","A: 句読点は、文の流れを制御し、意味を明確化し、感情やトーンを示す重要な役割を果たします。例えば、疑問符は質問を示し、感嘆符は強い感情もしくは感嘆を示し、コンマは一連の項目を分けるか、または文の一部を隔てます。",'impact of punctuation'
セクション11-1:句読点 (Punctuation),文化的・社会的文脈,"Q: 句読点は異なる言語や文化でどのように使われますか？","A: 句読点の使用は言語や文化により異なります。一部の言語では句読点が少なく、他の言語では句読点の種類や使用法が異なります。また、デジタルコミュニケーション（テキストメッセージやSNS等）では句読点の使用が文脈やトーンを伝える重要な手段となっています。",'cultural punctuation'
セクション11-1:句読点 (Punctuation),実用的な派生, "Q: エリプシス（...）はどのような状況で使われますか？","A:エリプシス（...）は普通、文の一部が省略されたときや、話者が言葉を探しているとき、または感情的な効果（例えばサスペンスやひっかかり）を生むために使用されます。例: 'I don’t know... it’s just that... I think I need some time.' (うーん…それは…ちょっと時間が必要だと思うの。)'",ellipsis
セクション12-1:基本的な語彙 (Basic Vocabulary),学習事項の基礎的な説明,"Q: 基本的な語彙とは何ですか？","A: 基本的な語彙とは、特定の言語の基本的な単語と表現の集まりを指し、日常会話や文書で最も頻繁に使われる単語を含みます。初学者はまず、基本的な語彙を習得することから始めることが大切です。",'basic vocabulary'
セクション12-1:基本的な語彙 (Basic Vocabulary),例文,"Q: 「apple」、「love」、「run」を用いた基本的な英文をそれぞれ1つずつ作ってください。","A: 'I eat an apple for breakfast.' 'I love my family.' 'I run in the park every morning.'",'apple love run'
セクション12-1:基本的な語彙 (Basic Vocabulary),練習問題,"Q: 次の文を完成させてください。 'I _______ a book.' (単語: read)","A: 'I read a book.'",'reading'
セクション12-1:基本的な語彙 (Basic Vocabulary),同じカテゴリ内の拡張,"Q: 英語の基本的な語彙の中にはどのようなカテゴリが含まれますか？","A: 英語の基本的な語彙は様々なカテゴリを含みます。例えば、色（blue, red, yellowなど）、形（round, square, tallなど）、数字（one, two, threeなど）、方向性（up, down, left, rightなど）などがこれに該当します。",'vocabulary categories'
セクション12-1:基本的な語彙 (Basic Vocabulary),異なるカテゴリとの関連性,"Q: 基本的な語彙は文法学習にどのように関連しますか？","A: 基本的な語彙は文法の理解にとって不可欠な部分です。例えば、動詞や名詞、形容詞、副詞などの単語は、特定の文法規則（例えば時制や比較級など）に従います。これらの単語がなければ、文法規則を適用するための「素材」がなくなります。",'grammar vocabulary'
セクション12-1:基本的な語彙 (Basic Vocabulary),文化的・社会的文脈,"Q: 英語の基本的な語彙は異なる国や地域でどのように使われますか？","A: 英語の基本語彙は全ての英語話者が共有するものですが、特定の単語が地域や文化により異なる意味を持つことがあります。例えば、アメリカ英語では「cookie」は小さな甘い菓子を指しますが、イギリス英語では「biscuit」が同じ意味で使われます。",'cultural vocabulary'
セクション12-1:基本的な語彙 (Basic Vocabulary),実用的な派生, "Q: 基本的な語彙を日常生活でどのように活用しますか？","A: 基本的な語彙は日常会話、読み書き、リスニングなど様々な場面で活用します。また、基本的な語彙の理解は新しい単語を学ぶ上でも役立ちます。例えば、「unhappy」の意味を理解するには、「happy」という基本的な語彙と、「un-」という接頭辞（否定の意味）の理解が必要です。",'daily use of vocabulary'
セクション12-2:日常生活で使用される基本的な単語,学習事項の基礎的な説明,"Q:日常生活で使用される基本的な単語とは何ですか？","A:日常生活で使用される基本的な単語とは、頻繁に使われる単語のことを指します。これらの単語は日常会話やメッセージ、Eメール等でよく見かけます。例えば, 'hello', 'please', 'thank you', 'sorry'などが該当します。",'daily words'
セクション12-2:日常生活で使用される基本的な単語,例文,"Q: 'book', 'computer', 'lunch', 'home'をそれぞれ使った一日の日常を描写してください。","A: 'In the morning, I read a book. Then, I work on my computer. I eat lunch at noon. After a long day, I go home in the evening.'",'daily routine'
セクション12-2:日常生活で使用される基本的な単語,練習問題,"Q: 'morning', 'afternoon', 'evening', 'night'をそれぞれ使った一日のスケジュールを作成してください。","A: 'In the morning, I go to school. In the afternoon, I have lunch and continue my classes. In the evening, I do homework. At night, I go to bed.'",'daily schedule'
セクション12-2:日常生活で使用される基本的な単語,同じカテゴリ内の拡張,"Q:日常生活の会話でよく使われる感動詞を3つ挙げてください。","A: 'Wow!', 'Oops!', 'Aha!'などがあります。",'interjections'
セクション12-2:日常生活で使用される基本的な単語,異なるカテゴリとの関連性,"Q:'bathroom', 'kitchen', 'bedroom', 'living room' のような家の部屋を表す単語と日常生活の関連性を説明してください。","A:'bathroom', 'kitchen', 'bedroom', 'living room' などの単語は、家での活動や生活ルーチンを説明するのに必要です。家で過ごす時間を説明するとき、これらの単語が頻繁に使用されます。",'rooms in a house'
セクション12-2:日常生活で使用される基本的な単語,文化的・社会的文脈,"Q: 日常生活の単語は、国や地域ごとにどのように異なりますか？","A: 日常生活で使われる単語は、文化や環境によって大きく異なることがあります。例えば、「apartment」と「flat」はどちらも「マンション」を意味しますが、前者はアメリカ英語で、後者はイギリス英語です。同じ部分でも表現が異なることがあります。",'cultural differences'
セクション12-2:日常生活で使用される基本的な単語,実用的な派生, "Q: 'watch', 'listen', 'eat', 'read'といった日常動詞の意味を超えた使い方を教えてください。","A:これらの動詞は、文字通りの意味だけでなく、比喩的な使い方もあります。例えば、'watch your mouth'は「言葉遣いに注意しろ」、'listen to your heart'は「心の声を聞きなさい」、'eat your words'は「言ったことを取り消す」、「read between the lines」は「暗黙の意味を理解する」といった使い方があります。", 'idioms'